study_hours,attendance,assignments,previous_score,result
2,60,3,45,Fail
4,75,6,55,Pass
1,50,2,40,Fail
6,90,8,70,Pass
5,85,7,65,Pass
3,65,4,48,Fail
7,95,9,80,Pass
2,55,3,42,Fail
8,92,10,85,Pass
4,70,6,58,Pass
6,88,8,72,Pass
1,48,2,38,Fail
5,82,7,68,Pass
7,94,9,78,Pass
3,68,4,50,Fail
4,73,5,56,Pass
8,96,10,88,Pass
2,58,3,44,Fail
6,87,8,74,Pass
5,80,7,66,Pass
1,45,2,35,Fail
7,91,9,82,Pass
3,62,5,47,Fail
9,98,10,91,Pass
4,76,6,60,Pass
6,89,8,76,Pass
2,52,3,41,Fail
8,93,9,86,Pass
5,84,7,69,Pass
7,97,10,84,Pass
